{
	"credit": "Created by Zener. Additional textures by rxcha.",
	"gui_light": "front",
	"textures": {
		"0": "waystones:item/custom/rxcha/stone_edition/zcommback",
		"1": "waystones:item/custom/rxcha/stone_edition/zcommfrontbp",
		"2": "waystones:item/custom/rxcha/stone_edition/zcommfronttp",
		"3": "waystones:item/custom/rxcha/stone_edition/zcommfrontlp",
		"4": "waystones:item/custom/rxcha/stone_edition/zcommfrontrp",
		"5": "waystones:item/custom/rxcha/stone_edition/zcommscreen",
		"6": "waystones:item/akeyboard/se/0",
		"7": "waystones:item/akeyboard/se/1",
		"8": "waystones:item/akeyboard/se/2",
		"9": "waystones:item/akeyboard/se/3",
		"10": "waystones:item/akeyboard/se/4",
		"11": "waystones:item/akeyboard/se/5",
		"12": "waystones:item/akeyboard/se/6",
		"13": "waystones:item/akeyboard/se/7",
		"14": "waystones:item/akeyboard/se/8",
		"15": "waystones:item/akeyboard/se/9",
		"16": "waystones:item/akeyboard/se/q",
		"17": "waystones:item/akeyboard/se/w",
		"18": "waystones:item/akeyboard/se/e",
		"19": "waystones:item/akeyboard/se/r",
		"20": "waystones:item/akeyboard/se/t",
		"21": "waystones:item/akeyboard/se/y",
		"22": "waystones:item/akeyboard/se/u",
		"23": "waystones:item/akeyboard/se/i",
		"24": "waystones:item/akeyboard/se/o",
		"25": "waystones:item/akeyboard/se/p",
		"26": "waystones:item/akeyboard/se/o_",
		"27": "waystones:item/akeyboard/se/u_",
		"28": "waystones:item/akeyboard/se/a",
		"29": "waystones:item/akeyboard/se/s",
		"30": "waystones:item/akeyboard/se/d",
		"31": "waystones:item/akeyboard/se/f",
		"32": "waystones:item/akeyboard/se/g",
		"33": "waystones:item/akeyboard/se/h",
		"34": "waystones:item/akeyboard/se/j",
		"35": "waystones:item/akeyboard/se/k",
		"36": "waystones:item/akeyboard/se/l",
		"37": "waystones:item/akeyboard/se/_o",
		"38": "waystones:item/akeyboard/se/a_",
		"39": "waystones:item/akeyboard/se/s_",
		"40": "waystones:item/akeyboard/se/z",
		"41": "waystones:item/akeyboard/se/x",
		"42": "waystones:item/akeyboard/se/c",
		"43": "waystones:item/akeyboard/se/v",
		"44": "waystones:item/akeyboard/se/b",
		"45": "waystones:item/akeyboard/se/n",
		"46": "waystones:item/akeyboard/se/m",
		"47": "waystones:item/akeyboard/se/z_",
		"48": "waystones:item/akeyboard/se/ctrl",
		"49": "waystones:item/akeyboard/se/shift",
		"50": "waystones:item/akeyboard/se/space",
		"51": "waystones:item/akeyboard/se/backspace",
		"52": "waystones:item/padpanel",
		"53": "waystones:item/padleft",
		"54": "waystones:item/padright",
		"55": "waystones:item/padup",
		"56": "waystones:item/paddown",
		"57": "waystones:item/custom/rxcha/stone_edition/rod",
		"58": "waystones:item/custom/rxcha/stone_edition/tip",
		"59": "waystones:item/custom/rxcha/stone_edition/volumebutton",
		"60": "waystones:item/custom/rxcha/stone_edition/fingerprintreader",
		"61": "waystones:item/custom/rxcha/stone_edition/charmholder",
		"62": "waystones:item/custom/rxcha/stone_edition/usb",
		"63": "waystones:item/custom/dapple",
		"64": "waystones:item/camera",
		"particle": "waystones:item/custom/dapple"
	},
	"elements": [
		{
			"name": "Backpanel",
			"from": [5, 0, 8],
			"to": [11, 9, 8.25],
			"faces": {
				"north": {"uv": [0, 0, 6, 9], "texture": "#0"},
				"east": {"uv": [13, 0, 14, 9], "texture": "#0"},
				"south": {"uv": [6, 0, 12, 9], "texture": "#0"},
				"west": {"uv": [12, 0, 13, 9], "texture": "#0"},
				"up": {"uv": [0, 9, 6, 10], "texture": "#0"},
				"down": {"uv": [6, 9, 12, 10], "texture": "#0"}
			}
		},
		{
			"name": "Volume Button",
			"from": [11, 6.7302, 8.125],
			"to": [11.0625, 7.7302, 8.375],
			"faces": {
				"north": {"uv": [0, 0, 4, 4], "texture": "#59"},
				"east": {"uv": [0, 4, 4, 8], "texture": "#59"},
				"south": {"uv": [4, 0, 8, 4], "texture": "#59"},
				"west": {"uv": [8, 0, 12, 4], "texture": "#59"},
				"up": {"uv": [4, 4, 8, 8], "texture": "#59"},
				"down": {"uv": [8, 4, 12, 8], "texture": "#59"}
			}
		},
		{
			"name": "Fingerprint Reader",
			"from": [11, 4.993, 8.125],
			"to": [11.03325, 6.493, 8.375],
			"faces": {
				"north": {"uv": [0, 0, 4, 4], "texture": "#60"},
				"east": {"uv": [0, 4, 4, 8], "texture": "#60"},
				"south": {"uv": [4, 0, 8, 4], "texture": "#60"},
				"west": {"uv": [8, 0, 12, 4], "texture": "#60"},
				"up": {"uv": [4, 4, 8, 8], "texture": "#60"},
				"down": {"uv": [8, 4, 12, 8], "texture": "#60"}
			}
		},
		{
			"name": "Bottom Panel",
			"from": [5, 0, 8.25],
			"to": [11, 4, 8.5],
			"faces": {
				"north": {"uv": [6, 0, 12, 4], "texture": "#1"},
				"east": {"uv": [13, 0, 14, 4], "texture": "#1"},
				"south": {"uv": [0, 0, 6, 4], "texture": "#1"},
				"west": {"uv": [12, 0, 13, 4], "texture": "#1"},
				"up": {"uv": [0, 4, 6, 5], "texture": "#1"},
				"down": {"uv": [6, 4, 12, 5], "texture": "#1"}
			}
		},
		{
			"name": "Left Panel",
			"from": [5, 4, 8.25],
			"to": [5.5, 8, 8.5],
			"faces": {
				"north": {"uv": [2, 0, 4, 8], "texture": "#3"},
				"east": {"uv": [6, 0, 8, 8], "texture": "#3"},
				"south": {"uv": [0, 0, 2, 8], "texture": "#3"},
				"west": {"uv": [4, 0, 6, 8], "texture": "#3"},
				"up": {"uv": [0, 8, 2, 10], "texture": "#3"},
				"down": {"uv": [2, 8, 4, 10], "texture": "#3"}
			}
		},
		{
			"name": "Right Panel",
			"from": [10.5, 4, 8.25],
			"to": [11, 8, 8.5],
			"faces": {
				"north": {"uv": [2, 0, 4, 8], "texture": "#4"},
				"east": {"uv": [6, 0, 8, 8], "texture": "#4"},
				"south": {"uv": [0, 0, 2, 8], "texture": "#4"},
				"west": {"uv": [4, 0, 6, 8], "texture": "#4"},
				"up": {"uv": [0, 8, 2, 10], "texture": "#4"},
				"down": {"uv": [2, 8, 4, 10], "texture": "#4"}
			}
		},
		{
			"name": "Top Panel",
			"from": [5, 8, 8.25],
			"to": [11, 9, 8.5],
			"faces": {
				"north": {"uv": [6, 0, 12, 1], "texture": "#2"},
				"east": {"uv": [13, 0, 14, 1], "texture": "#2"},
				"south": {"uv": [0, 0, 6, 1], "texture": "#2"},
				"west": {"uv": [12, 0, 13, 1], "texture": "#2"},
				"up": {"uv": [0, 1, 6, 2], "texture": "#2"},
				"down": {"uv": [6, 1, 12, 2], "texture": "#2"}
			}
		},
		{
			"name": "0",
			"from": [5.97241, 3.48404, 8.5091],
			"to": [6.21605, 3.72768, 8.57001],
			"faces": {
				"north": {"uv": [0, 0, 0.25, 0.25], "texture": "#6"},
				"east": {"uv": [0, 2, 0.0625, 2.25], "texture": "#6"},
				"south": {"uv": [1, 0, 16, 15], "texture": "#6"},
				"west": {"uv": [0, 1, 0.0625, 1.25], "texture": "#6"},
				"up": {"uv": [0, 3, 0.25, 3.0625], "texture": "#6"},
				"down": {"uv": [0, 4, 0.25, 4.0625], "texture": "#6"}
			}
		},
		{
			"name": "1",
			"from": [6.39147, 3.48404, 8.5091],
			"to": [6.63511, 3.72768, 8.57001],
			"faces": {
				"north": {"uv": [0, 0, 0.25, 0.25], "texture": "#7"},
				"east": {"uv": [0, 2, 0.0625, 2.25], "texture": "#7"},
				"south": {"uv": [1, 0, 16, 15], "texture": "#7"},
				"west": {"uv": [0, 1, 0.0625, 1.25], "texture": "#7"},
				"up": {"uv": [0, 3, 0.25, 3.0625], "texture": "#7"},
				"down": {"uv": [0, 4, 0.25, 4.0625], "texture": "#7"}
			}
		},
		{
			"name": "2",
			"from": [6.81053, 3.48404, 8.5091],
			"to": [7.05417, 3.72768, 8.57001],
			"faces": {
				"north": {"uv": [0, 0, 0.25, 0.25], "texture": "#8"},
				"east": {"uv": [0, 2, 0.0625, 2.25], "texture": "#8"},
				"south": {"uv": [1, 0, 16, 15], "texture": "#8"},
				"west": {"uv": [0, 1, 0.0625, 1.25], "texture": "#8"},
				"up": {"uv": [0, 3, 0.25, 3.0625], "texture": "#8"},
				"down": {"uv": [0, 4, 0.25, 4.0625], "texture": "#8"}
			}
		},
		{
			"name": "3",
			"from": [7.22959, 3.48404, 8.5091],
			"to": [7.47323, 3.72768, 8.57001],
			"faces": {
				"north": {"uv": [0, 0, 0.25, 0.25], "texture": "#9"},
				"east": {"uv": [0, 2, 0.0625, 2.25], "texture": "#9"},
				"south": {"uv": [1, 0, 16, 15], "texture": "#9"},
				"west": {"uv": [0, 1, 0.0625, 1.25], "texture": "#9"},
				"up": {"uv": [0, 3, 0.25, 3.0625], "texture": "#9"},
				"down": {"uv": [0, 4, 0.25, 4.0625], "texture": "#9"}
			}
		},
		{
			"name": "4",
			"from": [7.64865, 3.48404, 8.5091],
			"to": [7.89229, 3.72768, 8.57001],
			"faces": {
				"north": {"uv": [0, 0, 0.25, 0.25], "texture": "#10"},
				"east": {"uv": [0, 2, 0.0625, 2.25], "texture": "#10"},
				"south": {"uv": [1, 0, 16, 15], "texture": "#10"},
				"west": {"uv": [0, 1, 0.0625, 1.25], "texture": "#10"},
				"up": {"uv": [0, 3, 0.25, 3.0625], "texture": "#10"},
				"down": {"uv": [0, 4, 0.25, 4.0625], "texture": "#10"}
			}
		},
		{
			"name": "5",
			"from": [8.06771, 3.48404, 8.5091],
			"to": [8.31135, 3.72768, 8.57001],
			"faces": {
				"north": {"uv": [0, 0, 0.25, 0.25], "texture": "#11"},
				"east": {"uv": [0, 2, 0.0625, 2.25], "texture": "#11"},
				"south": {"uv": [1, 0, 16, 15], "texture": "#11"},
				"west": {"uv": [0, 1, 0.0625, 1.25], "texture": "#11"},
				"up": {"uv": [0, 3, 0.25, 3.0625], "texture": "#11"},
				"down": {"uv": [0, 4, 0.25, 4.0625], "texture": "#11"}
			}
		},
		{
			"name": "6",
			"from": [8.48677, 3.48404, 8.5091],
			"to": [8.73041, 3.72768, 8.57001],
			"faces": {
				"north": {"uv": [0, 0, 0.25, 0.25], "texture": "#12"},
				"east": {"uv": [0, 2, 0.0625, 2.25], "texture": "#12"},
				"south": {"uv": [1, 0, 16, 15], "texture": "#12"},
				"west": {"uv": [0, 1, 0.0625, 1.25], "texture": "#12"},
				"up": {"uv": [0, 3, 0.25, 3.0625], "texture": "#12"},
				"down": {"uv": [0, 4, 0.25, 4.0625], "texture": "#12"}
			}
		},
		{
			"name": "7",
			"from": [8.90583, 3.48404, 8.5091],
			"to": [9.14947, 3.72768, 8.57001],
			"faces": {
				"north": {"uv": [0, 0, 0.25, 0.25], "texture": "#13"},
				"east": {"uv": [0, 2, 0.0625, 2.25], "texture": "#13"},
				"south": {"uv": [1, 0, 16, 15], "texture": "#13"},
				"west": {"uv": [0, 1, 0.0625, 1.25], "texture": "#13"},
				"up": {"uv": [0, 3, 0.25, 3.0625], "texture": "#13"},
				"down": {"uv": [0, 4, 0.25, 4.0625], "texture": "#13"}
			}
		},
		{
			"name": "8",
			"from": [9.32489, 3.48404, 8.5091],
			"to": [9.56853, 3.72768, 8.57001],
			"faces": {
				"north": {"uv": [0, 0, 0.25, 0.25], "texture": "#14"},
				"east": {"uv": [0, 2, 0.0625, 2.25], "texture": "#14"},
				"south": {"uv": [1, 0, 16, 15], "texture": "#14"},
				"west": {"uv": [0, 1, 0.0625, 1.25], "texture": "#14"},
				"up": {"uv": [0, 3, 0.25, 3.0625], "texture": "#14"},
				"down": {"uv": [0, 4, 0.25, 4.0625], "texture": "#14"}
			}
		},
		{
			"name": "9",
			"from": [9.74395, 3.48404, 8.5091],
			"to": [9.98759, 3.72768, 8.57001],
			"faces": {
				"north": {"uv": [0, 0, 0.25, 0.25], "texture": "#15"},
				"east": {"uv": [0, 2, 0.0625, 2.25], "texture": "#15"},
				"south": {"uv": [1, 0, 16, 15], "texture": "#15"},
				"west": {"uv": [0, 1, 0.0625, 1.25], "texture": "#15"},
				"up": {"uv": [0, 3, 0.25, 3.0625], "texture": "#15"},
				"down": {"uv": [0, 4, 0.25, 4.0625], "texture": "#15"}
			}
		},
		{
			"name": "Q",
			"from": [5.55336, 3.06498, 8.5091],
			"to": [5.79699, 3.30862, 8.57001],
			"faces": {
				"north": {"uv": [0, 0, 0.25, 0.25], "texture": "#16"},
				"east": {"uv": [0, 2, 0.0625, 2.25], "texture": "#16"},
				"south": {"uv": [1, 0, 16, 15], "texture": "#16"},
				"west": {"uv": [0, 1, 0.0625, 1.25], "texture": "#16"},
				"up": {"uv": [0, 3, 0.25, 3.0625], "texture": "#16"},
				"down": {"uv": [0, 4, 0.25, 4.0625], "texture": "#16"}
			}
		},
		{
			"name": "W",
			"from": [5.97241, 3.06498, 8.5091],
			"to": [6.21605, 3.30862, 8.57001],
			"faces": {
				"north": {"uv": [0, 0, 0.25, 0.25], "texture": "#17"},
				"east": {"uv": [0, 2, 0.0625, 2.25], "texture": "#17"},
				"south": {"uv": [1, 0, 16, 15], "texture": "#17"},
				"west": {"uv": [0, 1, 0.0625, 1.25], "texture": "#17"},
				"up": {"uv": [0, 3, 0.25, 3.0625], "texture": "#17"},
				"down": {"uv": [0, 4, 0.25, 4.0625], "texture": "#17"}
			}
		},
		{
			"name": "E",
			"from": [6.39147, 3.06498, 8.5091],
			"to": [6.63511, 3.30862, 8.57001],
			"faces": {
				"north": {"uv": [0, 0, 0.25, 0.25], "texture": "#18"},
				"east": {"uv": [0, 2, 0.0625, 2.25], "texture": "#18"},
				"south": {"uv": [1, 0, 16, 15], "texture": "#18"},
				"west": {"uv": [0, 1, 0.0625, 1.25], "texture": "#18"},
				"up": {"uv": [0, 3, 0.25, 3.0625], "texture": "#18"},
				"down": {"uv": [0, 4, 0.25, 4.0625], "texture": "#18"}
			}
		},
		{
			"name": "R",
			"from": [6.81053, 3.06498, 8.5091],
			"to": [7.05417, 3.30862, 8.57001],
			"faces": {
				"north": {"uv": [0, 0, 0.25, 0.25], "texture": "#19"},
				"east": {"uv": [0, 2, 0.0625, 2.25], "texture": "#19"},
				"south": {"uv": [1, 0, 16, 15], "texture": "#19"},
				"west": {"uv": [0, 1, 0.0625, 1.25], "texture": "#19"},
				"up": {"uv": [0, 3, 0.25, 3.0625], "texture": "#19"},
				"down": {"uv": [0, 4, 0.25, 4.0625], "texture": "#19"}
			}
		},
		{
			"name": "T",
			"from": [7.22959, 3.06498, 8.5091],
			"to": [7.47323, 3.30862, 8.57001],
			"faces": {
				"north": {"uv": [0, 0, 0.25, 0.25], "texture": "#20"},
				"east": {"uv": [0, 2, 0.0625, 2.25], "texture": "#20"},
				"south": {"uv": [1, 0, 16, 15], "texture": "#20"},
				"west": {"uv": [0, 1, 0.0625, 1.25], "texture": "#20"},
				"up": {"uv": [0, 3, 0.25, 3.0625], "texture": "#20"},
				"down": {"uv": [0, 4, 0.25, 4.0625], "texture": "#20"}
			}
		},
		{
			"name": "Y",
			"from": [7.64865, 3.06498, 8.5091],
			"to": [7.89229, 3.30862, 8.57001],
			"faces": {
				"north": {"uv": [0, 0, 0.25, 0.25], "texture": "#21"},
				"east": {"uv": [0, 2, 0.0625, 2.25], "texture": "#21"},
				"south": {"uv": [1, 0, 16, 15], "texture": "#21"},
				"west": {"uv": [0, 1, 0.0625, 1.25], "texture": "#21"},
				"up": {"uv": [0, 3, 0.25, 3.0625], "texture": "#21"},
				"down": {"uv": [0, 4, 0.25, 4.0625], "texture": "#21"}
			}
		},
		{
			"name": "U",
			"from": [8.06771, 3.06498, 8.5091],
			"to": [8.31135, 3.30862, 8.57001],
			"faces": {
				"north": {"uv": [0, 0, 0.25, 0.25], "texture": "#22"},
				"east": {"uv": [0, 2, 0.0625, 2.25], "texture": "#22"},
				"south": {"uv": [1, 0, 16, 15], "texture": "#22"},
				"west": {"uv": [0, 1, 0.0625, 1.25], "texture": "#22"},
				"up": {"uv": [0, 3, 0.25, 3.0625], "texture": "#22"},
				"down": {"uv": [0, 4, 0.25, 4.0625], "texture": "#22"}
			}
		},
		{
			"name": "I",
			"from": [8.48677, 3.06498, 8.5091],
			"to": [8.73041, 3.30862, 8.57001],
			"faces": {
				"north": {"uv": [0, 0, 0.25, 0.25], "texture": "#23"},
				"east": {"uv": [0, 2, 0.0625, 2.25], "texture": "#23"},
				"south": {"uv": [1, 0, 16, 15], "texture": "#23"},
				"west": {"uv": [0, 1, 0.0625, 1.25], "texture": "#23"},
				"up": {"uv": [0, 3, 0.25, 3.0625], "texture": "#23"},
				"down": {"uv": [0, 4, 0.25, 4.0625], "texture": "#23"}
			}
		},
		{
			"name": "O",
			"from": [8.90583, 3.06498, 8.5091],
			"to": [9.14947, 3.30862, 8.57001],
			"faces": {
				"north": {"uv": [0, 0, 0.25, 0.25], "texture": "#24"},
				"east": {"uv": [0, 2, 0.0625, 2.25], "texture": "#24"},
				"south": {"uv": [1, 0, 16, 15], "texture": "#24"},
				"west": {"uv": [0, 1, 0.0625, 1.25], "texture": "#24"},
				"up": {"uv": [0, 3, 0.25, 3.0625], "texture": "#24"},
				"down": {"uv": [0, 4, 0.25, 4.0625], "texture": "#24"}
			}
		},
		{
			"name": "P",
			"from": [9.32489, 3.06498, 8.5091],
			"to": [9.56853, 3.30862, 8.57001],
			"faces": {
				"north": {"uv": [0, 0, 0.25, 0.25], "texture": "#25"},
				"east": {"uv": [0, 2, 0.0625, 2.25], "texture": "#25"},
				"south": {"uv": [1, 0, 16, 15], "texture": "#25"},
				"west": {"uv": [0, 1, 0.0625, 1.25], "texture": "#25"},
				"up": {"uv": [0, 3, 0.25, 3.0625], "texture": "#25"},
				"down": {"uv": [0, 4, 0.25, 4.0625], "texture": "#25"}
			}
		},
		{
			"name": "Õ",
			"from": [9.74395, 3.06498, 8.5091],
			"to": [9.98759, 3.30862, 8.57001],
			"faces": {
				"north": {"uv": [0, 0, 0.25, 0.25], "texture": "#26"},
				"east": {"uv": [0, 2, 0.0625, 2.25], "texture": "#26"},
				"south": {"uv": [1, 0, 16, 15], "texture": "#26"},
				"west": {"uv": [0, 1, 0.0625, 1.25], "texture": "#26"},
				"up": {"uv": [0, 3, 0.25, 3.0625], "texture": "#26"},
				"down": {"uv": [0, 4, 0.25, 4.0625], "texture": "#26"}
			}
		},
		{
			"name": "Ü",
			"from": [10.16301, 3.06498, 8.5091],
			"to": [10.40664, 3.30862, 8.57001],
			"faces": {
				"north": {"uv": [0, 0, 0.25, 0.25], "texture": "#27"},
				"east": {"uv": [0, 2, 0.0625, 2.25], "texture": "#27"},
				"south": {"uv": [1, 0, 16, 15], "texture": "#27"},
				"west": {"uv": [0, 1, 0.0625, 1.25], "texture": "#27"},
				"up": {"uv": [0, 3, 0.25, 3.0625], "texture": "#27"},
				"down": {"uv": [0, 4, 0.25, 4.0625], "texture": "#27"}
			}
		},
		{
			"name": "A",
			"from": [5.55336, 2.64592, 8.5091],
			"to": [5.79699, 2.88956, 8.57001],
			"faces": {
				"north": {"uv": [0, 0, 0.25, 0.25], "texture": "#28"},
				"east": {"uv": [0, 2, 0.0625, 2.25], "texture": "#28"},
				"south": {"uv": [1, 0, 16, 15], "texture": "#28"},
				"west": {"uv": [0, 1, 0.0625, 1.25], "texture": "#28"},
				"up": {"uv": [0, 3, 0.25, 3.0625], "texture": "#28"},
				"down": {"uv": [0, 4, 0.25, 4.0625], "texture": "#28"}
			}
		},
		{
			"name": "S",
			"from": [5.97241, 2.64592, 8.5091],
			"to": [6.21605, 2.88956, 8.57001],
			"faces": {
				"north": {"uv": [0, 0, 0.25, 0.25], "texture": "#29"},
				"east": {"uv": [0, 2, 0.0625, 2.25], "texture": "#29"},
				"south": {"uv": [1, 0, 16, 15], "texture": "#29"},
				"west": {"uv": [0, 1, 0.0625, 1.25], "texture": "#29"},
				"up": {"uv": [0, 3, 0.25, 3.0625], "texture": "#29"},
				"down": {"uv": [0, 4, 0.25, 4.0625], "texture": "#29"}
			}
		},
		{
			"name": "D",
			"from": [6.39147, 2.64592, 8.5091],
			"to": [6.63511, 2.88956, 8.57001],
			"faces": {
				"north": {"uv": [0, 0, 0.25, 0.25], "texture": "#30"},
				"east": {"uv": [0, 2, 0.0625, 2.25], "texture": "#30"},
				"south": {"uv": [1, 0, 16, 15], "texture": "#30"},
				"west": {"uv": [0, 1, 0.0625, 1.25], "texture": "#30"},
				"up": {"uv": [0, 3, 0.25, 3.0625], "texture": "#30"},
				"down": {"uv": [0, 4, 0.25, 4.0625], "texture": "#30"}
			}
		},
		{
			"name": "F",
			"from": [6.81053, 2.64592, 8.5091],
			"to": [7.05417, 2.88956, 8.57001],
			"faces": {
				"north": {"uv": [0, 0, 0.25, 0.25], "texture": "#31"},
				"east": {"uv": [0, 2, 0.0625, 2.25], "texture": "#31"},
				"south": {"uv": [1, 0, 16, 15], "texture": "#31"},
				"west": {"uv": [0, 1, 0.0625, 1.25], "texture": "#31"},
				"up": {"uv": [0, 3, 0.25, 3.0625], "texture": "#31"},
				"down": {"uv": [0, 4, 0.25, 4.0625], "texture": "#31"}
			}
		},
		{
			"name": "G",
			"from": [7.22959, 2.64592, 8.5091],
			"to": [7.47323, 2.88956, 8.57001],
			"faces": {
				"north": {"uv": [0, 0, 0.25, 0.25], "texture": "#32"},
				"east": {"uv": [0, 2, 0.0625, 2.25], "texture": "#32"},
				"south": {"uv": [1, 0, 16, 15], "texture": "#32"},
				"west": {"uv": [0, 1, 0.0625, 1.25], "texture": "#32"},
				"up": {"uv": [0, 3, 0.25, 3.0625], "texture": "#32"},
				"down": {"uv": [0, 4, 0.25, 4.0625], "texture": "#32"}
			}
		},
		{
			"name": "H",
			"from": [7.64865, 2.64592, 8.5091],
			"to": [7.89229, 2.88956, 8.57001],
			"faces": {
				"north": {"uv": [0, 0, 0.25, 0.25], "texture": "#33"},
				"east": {"uv": [0, 2, 0.0625, 2.25], "texture": "#33"},
				"south": {"uv": [1, 0, 16, 15], "texture": "#33"},
				"west": {"uv": [0, 1, 0.0625, 1.25], "texture": "#33"},
				"up": {"uv": [0, 3, 0.25, 3.0625], "texture": "#33"},
				"down": {"uv": [0, 4, 0.25, 4.0625], "texture": "#33"}
			}
		},
		{
			"name": "J",
			"from": [8.06771, 2.64592, 8.5091],
			"to": [8.31135, 2.88956, 8.57001],
			"faces": {
				"north": {"uv": [0, 0, 0.25, 0.25], "texture": "#34"},
				"east": {"uv": [0, 2, 0.0625, 2.25], "texture": "#34"},
				"south": {"uv": [1, 0, 16, 15], "texture": "#34"},
				"west": {"uv": [0, 1, 0.0625, 1.25], "texture": "#34"},
				"up": {"uv": [0, 3, 0.25, 3.0625], "texture": "#34"},
				"down": {"uv": [0, 4, 0.25, 4.0625], "texture": "#34"}
			}
		},
		{
			"name": "K",
			"from": [8.48677, 2.64592, 8.5091],
			"to": [8.73041, 2.88956, 8.57001],
			"faces": {
				"north": {"uv": [0, 0, 0.25, 0.25], "texture": "#35"},
				"east": {"uv": [0, 2, 0.0625, 2.25], "texture": "#35"},
				"south": {"uv": [1, 0, 16, 15], "texture": "#35"},
				"west": {"uv": [0, 1, 0.0625, 1.25], "texture": "#35"},
				"up": {"uv": [0, 3, 0.25, 3.0625], "texture": "#35"},
				"down": {"uv": [0, 4, 0.25, 4.0625], "texture": "#35"}
			}
		},
		{
			"name": "L",
			"from": [8.90583, 2.64592, 8.5091],
			"to": [9.14947, 2.88956, 8.57001],
			"faces": {
				"north": {"uv": [0, 0, 0.25, 0.25], "texture": "#36"},
				"east": {"uv": [0, 2, 0.0625, 2.25], "texture": "#36"},
				"south": {"uv": [1, 0, 16, 15], "texture": "#36"},
				"west": {"uv": [0, 1, 0.0625, 1.25], "texture": "#36"},
				"up": {"uv": [0, 3, 0.25, 3.0625], "texture": "#36"},
				"down": {"uv": [0, 4, 0.25, 4.0625], "texture": "#36"}
			}
		},
		{
			"name": "Ö",
			"from": [9.32489, 2.64592, 8.5091],
			"to": [9.56853, 2.88956, 8.57001],
			"faces": {
				"north": {"uv": [0, 0, 0.25, 0.25], "texture": "#37"},
				"east": {"uv": [0, 2, 0.0625, 2.25], "texture": "#37"},
				"south": {"uv": [1, 0, 16, 15], "texture": "#37"},
				"west": {"uv": [0, 1, 0.0625, 1.25], "texture": "#37"},
				"up": {"uv": [0, 3, 0.25, 3.0625], "texture": "#37"},
				"down": {"uv": [0, 4, 0.25, 4.0625], "texture": "#37"}
			}
		},
		{
			"name": "Ä",
			"from": [9.74395, 2.64592, 8.5091],
			"to": [9.98759, 2.88956, 8.57001],
			"faces": {
				"north": {"uv": [0, 0, 0.25, 0.25], "texture": "#38"},
				"east": {"uv": [0, 2, 0.0625, 2.25], "texture": "#38"},
				"south": {"uv": [1, 0, 16, 15], "texture": "#38"},
				"west": {"uv": [0, 1, 0.0625, 1.25], "texture": "#38"},
				"up": {"uv": [0, 3, 0.25, 3.0625], "texture": "#38"},
				"down": {"uv": [0, 4, 0.25, 4.0625], "texture": "#38"}
			}
		},
		{
			"name": "Š",
			"from": [10.16301, 2.64592, 8.5091],
			"to": [10.40664, 2.88956, 8.57001],
			"faces": {
				"north": {"uv": [0, 0, 0.25, 0.25], "texture": "#39"},
				"east": {"uv": [0, 2, 0.0625, 2.25], "texture": "#39"},
				"south": {"uv": [1, 0, 16, 15], "texture": "#39"},
				"west": {"uv": [0, 1, 0.0625, 1.25], "texture": "#39"},
				"up": {"uv": [0, 3, 0.25, 3.0625], "texture": "#39"},
				"down": {"uv": [0, 4, 0.25, 4.0625], "texture": "#39"}
			}
		},
		{
			"name": "Z",
			"from": [6.39147, 2.22686, 8.5091],
			"to": [6.63511, 2.4705, 8.57001],
			"faces": {
				"north": {"uv": [0, 0, 0.25, 0.25], "texture": "#40"},
				"east": {"uv": [0, 2, 0.0625, 2.25], "texture": "#40"},
				"south": {"uv": [1, 0, 16, 15], "texture": "#40"},
				"west": {"uv": [0, 1, 0.0625, 1.25], "texture": "#40"},
				"up": {"uv": [0, 3, 0.25, 3.0625], "texture": "#40"},
				"down": {"uv": [0, 4, 0.25, 4.0625], "texture": "#40"}
			}
		},
		{
			"name": "X",
			"from": [6.81053, 2.22686, 8.5091],
			"to": [7.05417, 2.4705, 8.57001],
			"faces": {
				"north": {"uv": [0, 0, 0.25, 0.25], "texture": "#41"},
				"east": {"uv": [0, 2, 0.0625, 2.25], "texture": "#41"},
				"south": {"uv": [1, 0, 16, 15], "texture": "#41"},
				"west": {"uv": [0, 1, 0.0625, 1.25], "texture": "#41"},
				"up": {"uv": [0, 3, 0.25, 3.0625], "texture": "#41"},
				"down": {"uv": [0, 4, 0.25, 4.0625], "texture": "#41"}
			}
		},
		{
			"name": "C",
			"from": [7.22959, 2.22686, 8.5091],
			"to": [7.47323, 2.4705, 8.57001],
			"faces": {
				"north": {"uv": [0, 0, 0.25, 0.25], "texture": "#42"},
				"east": {"uv": [0, 2, 0.0625, 2.25], "texture": "#42"},
				"south": {"uv": [1, 0, 16, 15], "texture": "#42"},
				"west": {"uv": [0, 1, 0.0625, 1.25], "texture": "#42"},
				"up": {"uv": [0, 3, 0.25, 3.0625], "texture": "#42"},
				"down": {"uv": [0, 4, 0.25, 4.0625], "texture": "#42"}
			}
		},
		{
			"name": "V",
			"from": [7.64865, 2.22686, 8.5091],
			"to": [7.89229, 2.4705, 8.57001],
			"faces": {
				"north": {"uv": [0, 0, 0.25, 0.25], "texture": "#43"},
				"east": {"uv": [0, 2, 0.0625, 2.25], "texture": "#43"},
				"south": {"uv": [1, 0, 16, 15], "texture": "#43"},
				"west": {"uv": [0, 1, 0.0625, 1.25], "texture": "#43"},
				"up": {"uv": [0, 3, 0.25, 3.0625], "texture": "#43"},
				"down": {"uv": [0, 4, 0.25, 4.0625], "texture": "#43"}
			}
		},
		{
			"name": "B",
			"from": [8.06771, 2.22686, 8.5091],
			"to": [8.31135, 2.4705, 8.57001],
			"faces": {
				"north": {"uv": [0, 0, 0.25, 0.25], "texture": "#44"},
				"east": {"uv": [0, 2, 0.0625, 2.25], "texture": "#44"},
				"south": {"uv": [1, 0, 16, 15], "texture": "#44"},
				"west": {"uv": [0, 1, 0.0625, 1.25], "texture": "#44"},
				"up": {"uv": [0, 3, 0.25, 3.0625], "texture": "#44"},
				"down": {"uv": [0, 4, 0.25, 4.0625], "texture": "#44"}
			}
		},
		{
			"name": "N",
			"from": [8.48677, 2.22686, 8.5091],
			"to": [8.73041, 2.4705, 8.57001],
			"faces": {
				"north": {"uv": [0, 0, 0.25, 0.25], "texture": "#45"},
				"east": {"uv": [0, 2, 0.0625, 2.25], "texture": "#45"},
				"south": {"uv": [1, 0, 16, 15], "texture": "#45"},
				"west": {"uv": [0, 1, 0.0625, 1.25], "texture": "#45"},
				"up": {"uv": [0, 3, 0.25, 3.0625], "texture": "#45"},
				"down": {"uv": [0, 4, 0.25, 4.0625], "texture": "#45"}
			}
		},
		{
			"name": "M",
			"from": [8.90583, 2.22686, 8.5091],
			"to": [9.14947, 2.4705, 8.57001],
			"faces": {
				"north": {"uv": [0, 0, 0.25, 0.25], "texture": "#46"},
				"east": {"uv": [0, 2, 0.0625, 2.25], "texture": "#46"},
				"south": {"uv": [1, 0, 16, 15], "texture": "#46"},
				"west": {"uv": [0, 1, 0.0625, 1.25], "texture": "#46"},
				"up": {"uv": [0, 3, 0.25, 3.0625], "texture": "#46"},
				"down": {"uv": [0, 4, 0.25, 4.0625], "texture": "#46"}
			}
		},
		{
			"name": "Ž",
			"from": [9.32489, 2.22686, 8.5091],
			"to": [9.56853, 2.4705, 8.57001],
			"faces": {
				"north": {"uv": [0, 0, 0.25, 0.25], "texture": "#47"},
				"east": {"uv": [0, 2, 0.0625, 2.25], "texture": "#47"},
				"south": {"uv": [1, 0, 16, 15], "texture": "#47"},
				"west": {"uv": [0, 1, 0.0625, 1.25], "texture": "#47"},
				"up": {"uv": [0, 3, 0.25, 3.0625], "texture": "#47"},
				"down": {"uv": [0, 4, 0.25, 4.0625], "texture": "#47"}
			}
		},
		{
			"name": "Ctrl",
			"from": [6.2258, 1.8078, 8.5091],
			"to": [6.71308, 2.05144, 8.57001],
			"faces": {
				"north": {"uv": [0, 0, 0.25, 0.5], "texture": "#48"},
				"east": {"uv": [0, 2, 0.0625, 2.25], "texture": "#48"},
				"south": {"uv": [0.5, 0, 16, 15], "texture": "#48"},
				"west": {"uv": [0, 1, 0.0625, 1.25], "texture": "#48"},
				"up": {"uv": [0, 3, 0.25, 3.5], "texture": "#48"},
				"down": {"uv": [0, 4, 0.25, 4.5], "texture": "#48"}
			}
		},
		{
			"name": "Shift",
			"from": [6.8885, 1.8078, 8.5091],
			"to": [7.37578, 2.05144, 8.57001],
			"faces": {
				"north": {"uv": [0, 0, 0.5, 0.5], "texture": "#49"},
				"east": {"uv": [0, 2, 0.0625, 2.25], "texture": "#49"},
				"south": {"uv": [1, 0, 16, 15], "texture": "#49"},
				"west": {"uv": [0, 1, 0.0625, 1.25], "texture": "#49"},
				"up": {"uv": [0, 3, 0.25, 3.25], "texture": "#49"},
				"down": {"uv": [0, 4, 0.25, 4.25], "texture": "#49"}
			}
		},
		{
			"name": "Space",
			"from": [7.5512, 1.8078, 8.5091],
			"to": [8.45753, 2.05144, 8.57001],
			"faces": {
				"north": {"uv": [0, 0, 4, 4], "texture": "#50"},
				"east": {"uv": [0, 4, 4, 8], "texture": "#50"},
				"south": {"uv": [4, 0, 8, 4], "texture": "#50"},
				"west": {"uv": [8, 0, 12, 4], "texture": "#50"},
				"up": {"uv": [4, 4, 8, 8], "texture": "#50"},
				"down": {"uv": [8, 4, 12, 8], "texture": "#50"}
			}
		},
		{
			"name": "Backspace",
			"from": [9.25667, 1.8078, 8.5091],
			"to": [9.74395, 2.05144, 8.57001],
			"faces": {
				"north": {"uv": [0, 0, 0.25, 0.5], "texture": "#51"},
				"east": {"uv": [0, 2, 0.0625, 2.25], "texture": "#51"},
				"south": {"uv": [1, 0, 16, 15], "texture": "#51"},
				"west": {"uv": [0, 1, 0.0625, 1.25], "texture": "#51"},
				"up": {"uv": [0, 3, 0.25, 3.5], "texture": "#51"},
				"down": {"uv": [0, 4, 0.25, 4.5], "texture": "#51"}
			}
		},
		{
			"name": "Pad Panel",
			"from": [7.39527, 0.3947, 8.5091],
			"to": [8.61346, 1.61289, 8.5398],
			"faces": {
				"north": {"uv": [0, 0, 4, 4], "texture": "#52"},
				"east": {"uv": [0, 4, 4, 8], "texture": "#52"},
				"south": {"uv": [4, 0, 8, 4], "texture": "#52"},
				"west": {"uv": [8, 0, 12, 4], "texture": "#52"},
				"up": {"uv": [4, 4, 8, 8], "texture": "#52"},
				"down": {"uv": [8, 4, 12, 8], "texture": "#52"}
			}
		},
		{
			"name": "Pad Left",
			"from": [7.40501, 0.40444, 8.5245],
			"to": [8.00436, 1.60314, 8.53984],
			"faces": {
				"north": {"uv": [0, 0, 4, 4], "texture": "#53"},
				"east": {"uv": [0, 4, 4, 8], "texture": "#53"},
				"south": {"uv": [4, 0, 8, 4], "texture": "#53"},
				"west": {"uv": [8, 0, 12, 4], "texture": "#53"},
				"up": {"uv": [4, 4, 8, 8], "texture": "#53"},
				"down": {"uv": [8, 4, 12, 8], "texture": "#53"}
			}
		},
		{
			"name": "Pad Right",
			"from": [8.00436, 0.40444, 8.5245],
			"to": [8.60372, 1.60314, 8.53984],
			"faces": {
				"north": {"uv": [0, 0, 4, 4], "texture": "#54"},
				"east": {"uv": [0, 4, 4, 8], "texture": "#54"},
				"south": {"uv": [4, 0, 8, 4], "texture": "#54"},
				"west": {"uv": [8, 0, 12, 4], "texture": "#54"},
				"up": {"uv": [4, 4, 8, 8], "texture": "#54"},
				"down": {"uv": [8, 4, 12, 8], "texture": "#54"}
			}
		},
		{
			"name": "Up1",
			"from": [7.42572, 1.54467, 8.5398],
			"to": [8.58301, 1.60558, 8.57049],
			"faces": {
				"north": {"uv": [0, 0, 4, 4], "texture": "#55"},
				"east": {"uv": [0, 4, 4, 8], "texture": "#55"},
				"south": {"uv": [4, 0, 8, 4], "texture": "#55"},
				"west": {"uv": [8, 0, 12, 4], "texture": "#55"},
				"up": {"uv": [4, 4, 8, 8], "texture": "#55"},
				"down": {"uv": [8, 4, 12, 8], "texture": "#55"}
			}
		},
		{
			"name": "Up2",
			"from": [7.45622, 1.48376, 8.5398],
			"to": [8.5526, 1.54467, 8.57049],
			"faces": {
				"north": {"uv": [0, 0, 4, 4], "texture": "#55"},
				"east": {"uv": [0, 4, 4, 8], "texture": "#55"},
				"south": {"uv": [4, 0, 8, 4], "texture": "#55"},
				"west": {"uv": [8, 0, 12, 4], "texture": "#55"},
				"up": {"uv": [4, 4, 8, 8], "texture": "#55"},
				"down": {"uv": [8, 4, 12, 8], "texture": "#55"}
			}
		},
		{
			"name": "Up3",
			"from": [7.48673, 1.42285, 8.5398],
			"to": [8.52219, 1.48376, 8.57049],
			"faces": {
				"north": {"uv": [0, 0, 4, 4], "texture": "#55"},
				"east": {"uv": [0, 4, 4, 8], "texture": "#55"},
				"south": {"uv": [4, 0, 8, 4], "texture": "#55"},
				"west": {"uv": [8, 0, 12, 4], "texture": "#55"},
				"up": {"uv": [4, 4, 8, 8], "texture": "#55"},
				"down": {"uv": [8, 4, 12, 8], "texture": "#55"}
			}
		},
		{
			"name": "Up4",
			"from": [7.51723, 1.36194, 8.5398],
			"to": [8.49179, 1.42285, 8.57049],
			"faces": {
				"north": {"uv": [0, 0, 4, 4], "texture": "#55"},
				"east": {"uv": [0, 4, 4, 8], "texture": "#55"},
				"south": {"uv": [4, 0, 8, 4], "texture": "#55"},
				"west": {"uv": [8, 0, 12, 4], "texture": "#55"},
				"up": {"uv": [4, 4, 8, 8], "texture": "#55"},
				"down": {"uv": [8, 4, 12, 8], "texture": "#55"}
			}
		},
		{
			"name": "Up5",
			"from": [7.54774, 1.30103, 8.5398],
			"to": [8.46138, 1.36194, 8.57049],
			"faces": {
				"north": {"uv": [0, 0, 1, 1], "texture": "#55"},
				"east": {"uv": [0, 5.33333, 1, 6.33333], "texture": "#55"},
				"south": {"uv": [5.33333, 0, 6.33333, 1], "texture": "#55"},
				"west": {"uv": [10.66667, 0, 11.66667, 1], "texture": "#55"},
				"up": {"uv": [5.33333, 5.33333, 6.33333, 6.33333], "texture": "#55"},
				"down": {"uv": [10.66667, 5.33333, 11.66667, 6.33333], "texture": "#55"}
			}
		},
		{
			"name": "Up6",
			"from": [7.57814, 1.24012, 8.5398],
			"to": [8.43088, 1.30103, 8.57049],
			"faces": {
				"north": {"uv": [0, 0, 4, 4], "texture": "#55"},
				"east": {"uv": [0, 4, 4, 8], "texture": "#55"},
				"south": {"uv": [4, 0, 8, 4], "texture": "#55"},
				"west": {"uv": [8, 0, 12, 4], "texture": "#55"},
				"up": {"uv": [4, 4, 8, 8], "texture": "#55"},
				"down": {"uv": [8, 4, 12, 8], "texture": "#55"}
			}
		},
		{
			"name": "Up7",
			"from": [7.60865, 1.17921, 8.5398],
			"to": [8.40047, 1.24012, 8.57049],
			"faces": {
				"north": {"uv": [0, 0, 4, 4], "texture": "#55"},
				"east": {"uv": [0, 4, 4, 8], "texture": "#55"},
				"south": {"uv": [4, 0, 8, 4], "texture": "#55"},
				"west": {"uv": [8, 0, 12, 4], "texture": "#55"},
				"up": {"uv": [4, 4, 8, 8], "texture": "#55"},
				"down": {"uv": [8, 4, 12, 8], "texture": "#55"}
			}
		},
		{
			"name": "Up8",
			"from": [7.63905, 1.1183, 8.5398],
			"to": [8.36997, 1.17921, 8.57049],
			"faces": {
				"north": {"uv": [0, 0, 4, 4], "texture": "#55"},
				"east": {"uv": [0, 4, 4, 8], "texture": "#55"},
				"south": {"uv": [4, 0, 8, 4], "texture": "#55"},
				"west": {"uv": [8, 0, 12, 4], "texture": "#55"},
				"up": {"uv": [4, 4, 8, 8], "texture": "#55"},
				"down": {"uv": [8, 4, 12, 8], "texture": "#55"}
			}
		},
		{
			"name": "Up9",
			"from": [7.66956, 1.05739, 8.5398],
			"to": [8.33956, 1.1183, 8.57049],
			"faces": {
				"north": {"uv": [0, 0, 4, 4], "texture": "#55"},
				"east": {"uv": [0, 4, 4, 8], "texture": "#55"},
				"south": {"uv": [4, 0, 8, 4], "texture": "#55"},
				"west": {"uv": [8, 0, 12, 4], "texture": "#55"},
				"up": {"uv": [4, 4, 8, 8], "texture": "#55"},
				"down": {"uv": [8, 4, 12, 8], "texture": "#55"}
			}
		},
		{
			"name": "Down1",
			"from": [7.42572, 0.40688, 8.5398],
			"to": [8.58301, 0.46779, 8.57049],
			"faces": {
				"north": {"uv": [0, 0, 4, 4], "texture": "#56"},
				"east": {"uv": [0, 4, 4, 8], "texture": "#56"},
				"south": {"uv": [4, 0, 8, 4], "texture": "#56"},
				"west": {"uv": [8, 0, 12, 4], "texture": "#56"},
				"up": {"uv": [4, 4, 8, 8], "texture": "#56"},
				"down": {"uv": [8, 4, 12, 8], "texture": "#56"}
			}
		},
		{
			"name": "Down2",
			"from": [7.45622, 0.46779, 8.5398],
			"to": [8.5526, 0.5287, 8.57049],
			"faces": {
				"north": {"uv": [0, 0, 4, 4], "texture": "#56"},
				"east": {"uv": [0, 4, 4, 8], "texture": "#56"},
				"south": {"uv": [4, 0, 8, 4], "texture": "#56"},
				"west": {"uv": [8, 0, 12, 4], "texture": "#56"},
				"up": {"uv": [4, 4, 8, 8], "texture": "#56"},
				"down": {"uv": [8, 4, 12, 8], "texture": "#56"}
			}
		},
		{
			"name": "Down3",
			"from": [7.48673, 0.5287, 8.5398],
			"to": [8.52219, 0.58961, 8.57049],
			"faces": {
				"north": {"uv": [0, 0, 4, 4], "texture": "#56"},
				"east": {"uv": [0, 4, 4, 8], "texture": "#56"},
				"south": {"uv": [4, 0, 8, 4], "texture": "#56"},
				"west": {"uv": [8, 0, 12, 4], "texture": "#56"},
				"up": {"uv": [4, 4, 8, 8], "texture": "#56"},
				"down": {"uv": [8, 4, 12, 8], "texture": "#56"}
			}
		},
		{
			"name": "Down4",
			"from": [7.51723, 0.58961, 8.5398],
			"to": [8.49179, 0.65052, 8.57049],
			"faces": {
				"north": {"uv": [0, 0, 4, 4], "texture": "#56"},
				"east": {"uv": [0, 4, 4, 8], "texture": "#56"},
				"south": {"uv": [4, 0, 8, 4], "texture": "#56"},
				"west": {"uv": [8, 0, 12, 4], "texture": "#56"},
				"up": {"uv": [4, 4, 8, 8], "texture": "#56"},
				"down": {"uv": [8, 4, 12, 8], "texture": "#56"}
			}
		},
		{
			"name": "Down5",
			"from": [7.54774, 0.65052, 8.5398],
			"to": [8.46138, 0.71143, 8.57049],
			"faces": {
				"north": {"uv": [0, 0, 4, 4], "texture": "#56"},
				"east": {"uv": [0, 4, 4, 8], "texture": "#56"},
				"south": {"uv": [4, 0, 8, 4], "texture": "#56"},
				"west": {"uv": [8, 0, 12, 4], "texture": "#56"},
				"up": {"uv": [4, 4, 8, 8], "texture": "#56"},
				"down": {"uv": [8, 4, 12, 8], "texture": "#56"}
			}
		},
		{
			"name": "Down6",
			"from": [7.57814, 0.71143, 8.5398],
			"to": [8.43088, 0.77234, 8.57049],
			"faces": {
				"north": {"uv": [0, 0, 4, 4], "texture": "#56"},
				"east": {"uv": [0, 4, 4, 8], "texture": "#56"},
				"south": {"uv": [4, 0, 8, 4], "texture": "#56"},
				"west": {"uv": [8, 0, 12, 4], "texture": "#56"},
				"up": {"uv": [4, 4, 8, 8], "texture": "#56"},
				"down": {"uv": [8, 4, 12, 8], "texture": "#56"}
			}
		},
		{
			"name": "Down7",
			"from": [7.60865, 0.77234, 8.5398],
			"to": [8.40047, 0.83325, 8.57049],
			"faces": {
				"north": {"uv": [0, 0, 4, 4], "texture": "#56"},
				"east": {"uv": [0, 4, 4, 8], "texture": "#56"},
				"south": {"uv": [4, 0, 8, 4], "texture": "#56"},
				"west": {"uv": [8, 0, 12, 4], "texture": "#56"},
				"up": {"uv": [4, 4, 8, 8], "texture": "#56"},
				"down": {"uv": [8, 4, 12, 8], "texture": "#56"}
			}
		},
		{
			"name": "Down8",
			"from": [7.63905, 0.83325, 8.5398],
			"to": [8.36997, 0.89416, 8.57049],
			"faces": {
				"north": {"uv": [0, 0, 4, 4], "texture": "#56"},
				"east": {"uv": [0, 4, 4, 8], "texture": "#56"},
				"south": {"uv": [4, 0, 8, 4], "texture": "#56"},
				"west": {"uv": [8, 0, 12, 4], "texture": "#56"},
				"up": {"uv": [4, 4, 8, 8], "texture": "#56"},
				"down": {"uv": [8, 4, 12, 8], "texture": "#56"}
			}
		},
		{
			"name": "Down9",
			"from": [7.66956, 0.89172, 8.5398],
			"to": [8.33956, 0.95263, 8.57049],
			"faces": {
				"north": {"uv": [0, 0, 4, 4], "texture": "#56"},
				"east": {"uv": [0, 4, 4, 8], "texture": "#56"},
				"south": {"uv": [4, 0, 8, 4], "texture": "#56"},
				"west": {"uv": [8, 0, 12, 4], "texture": "#56"},
				"up": {"uv": [4, 4, 8, 8], "texture": "#56"},
				"down": {"uv": [8, 4, 12, 8], "texture": "#56"}
			}
		},
		{
			"name": "Screen",
			"from": [5.5, 4, 8.25],
			"to": [10.5, 8, 8.375],
			"faces": {
				"north": {"uv": [5, 0, 10, 4], "texture": "#5"},
				"east": {"uv": [11, 0, 12, 4], "texture": "#5"},
				"south": {"uv": [0, 0, 5, 4], "texture": "#5"},
				"west": {"uv": [10, 0, 11, 4], "texture": "#5"},
				"up": {"uv": [0, 4, 5, 5], "texture": "#5"},
				"down": {"uv": [5, 4, 10, 5], "texture": "#5"}
			}
		},
		{
			"name": "Rod",
			"from": [10.2372, 9.0081, 8.225],
			"to": [10.36961, 10.1851, 8.35741],
			"faces": {
				"north": {"uv": [0, 0, 4, 4], "texture": "#57"},
				"east": {"uv": [0, 4, 4, 8], "texture": "#57"},
				"south": {"uv": [4, 0, 8, 4], "texture": "#57"},
				"west": {"uv": [8, 0, 12, 4], "texture": "#57"},
				"up": {"uv": [4, 4, 8, 8], "texture": "#57"},
				"down": {"uv": [8, 4, 12, 8], "texture": "#57"}
			}
		},
		{
			"name": "Tip",
			"from": [10.19748, 10.1851, 8.185],
			"to": [10.40934, 10.39696, 8.39686],
			"faces": {
				"north": {"uv": [0, 0, 4, 4], "texture": "#58"},
				"east": {"uv": [0, 4, 4, 8], "texture": "#58"},
				"south": {"uv": [4, 0, 8, 4], "texture": "#58"},
				"west": {"uv": [8, 0, 12, 4], "texture": "#58"},
				"up": {"uv": [4, 4, 8, 8], "texture": "#58"},
				"down": {"uv": [8, 4, 12, 8], "texture": "#58"}
			}
		},
		{
			"name": "Charm Holder",
			"from": [6, 9, 8.125],
			"to": [6.21186, 9.21186, 8.33686],
			"faces": {
				"north": {"uv": [0, 0, 4, 4], "texture": "#61"},
				"east": {"uv": [0, 4, 4, 8], "texture": "#61"},
				"south": {"uv": [4, 0, 8, 4], "texture": "#61"},
				"west": {"uv": [8, 0, 12, 4], "texture": "#61"},
				"up": {"uv": [4, 4, 8, 8], "texture": "#61"},
				"down": {"uv": [8, 4, 12, 8], "texture": "#61"}
			}
		},
		{
			"name": "USB",
			"from": [6.9407, -0.06631, 8.125],
			"to": [8.9407, -0.00381, 8.375],
			"faces": {
				"north": {"uv": [0, 0, 4, 4], "texture": "#62"},
				"east": {"uv": [0, 4, 4, 8], "texture": "#62"},
				"south": {"uv": [4, 0, 8, 4], "texture": "#62"},
				"west": {"uv": [8, 0, 12, 4], "texture": "#62"},
				"up": {"uv": [4, 4, 8, 8], "texture": "#62"},
				"down": {"uv": [8, 4, 12, 8], "texture": "#62"}
			}
		},
		{
			"name": "gApple",
			"from": [5.875, 4, 7.9375],
			"to": [9.875, 8, 8],
			"faces": {
				"north": {"uv": [0, 0, 16, 16], "texture": "#63"},
				"east": {"uv": [0, 0, 1, 1], "texture": "#63"},
				"south": {"uv": [0, 0, 1, 1], "texture": "#63"},
				"west": {"uv": [0, 0, 1, 1], "texture": "#63"},
				"up": {"uv": [0, 0, 1, 1], "texture": "#63"},
				"down": {"uv": [0, 0, 1, 1], "texture": "#63"}
			}
		},
		{
			"name": "Camera",
			"from": [6.0625, 7.0625, 7.9375],
			"to": [6.9375, 7.9375, 8],
			"faces": {
				"north": {"uv": [0, 0, 4, 4], "texture": "#64"},
				"east": {"uv": [0, 4, 4, 8], "texture": "#64"},
				"south": {"uv": [4, 0, 8, 4], "texture": "#64"},
				"west": {"uv": [8, 0, 12, 4], "texture": "#64"},
				"up": {"uv": [4, 4, 8, 8], "texture": "#64"},
				"down": {"uv": [8, 4, 12, 8], "texture": "#64"}
			}
		}
	],
	"gui_light": "front",
	"display": {
		"thirdperson_righthand": {
			"translation": [-3.25, 3.5, 0],
			"scale": [0.5, 0.5, 0.5]
		},
		"thirdperson_lefthand": {
			"translation": [-3.25, 3.5, 0],
			"scale": [0.5, 0.5, 0.5]
		},
		"firstperson_righthand": {
			"rotation": [0, -6, 0],
			"translation": [1.375, 7.25, 0]
		},
		"firstperson_lefthand": {
			"rotation": [0, -6, 0],
			"translation": [1.625, 7.25, 0]
		},
		"ground": {
			"translation": [0, 4, 0]
		},
		"gui": {
			"translation": [0, 4.5, 0],
			"scale": [1.5, 1.5, 1.5]
		},
		"head": {
			"rotation": [0, -180, 0],
			"translation": [0, 6.75, -6.5],
			"scale": [2, 2, 2]
		},
		"fixed": {
			"rotation": [0, -180, 0],
			"translation": [0.5, 6.25, 0.25],
			"scale": [2, 2, 2]
		}
	},
	"groups": [0,
		{
			"name": "Side",
			"origin": [0, 0, 0],
			"color": 0,
			"children": [1, 2]
		},
		{
			"name": "Frontface",
			"origin": [0, 0, 0],
			"color": 0,
			"children": [
				{
					"name": "Panel",
					"origin": [0, 0, 0],
					"color": 0,
					"children": [3, 4, 5, 6]
				},
				{
					"name": "Keyboard",
					"origin": [0, 0, 0],
					"color": 0,
					"children": [
						{
							"name": "Row0",
							"origin": [0, 0, 0],
							"color": 0,
							"children": [7, 8, 9, 10, 11, 12, 13, 14, 15, 16]
						},
						{
							"name": "Row1",
							"origin": [0, 0, 0],
							"color": 0,
							"children": [17, 18, 19, 20, 21, 22, 23, 24, 25, 26, 27, 28]
						},
						{
							"name": "Row2",
							"origin": [0, 0, 0],
							"color": 0,
							"children": [29, 30, 31, 32, 33, 34, 35, 36, 37, 38, 39, 40]
						},
						{
							"name": "Row3",
							"origin": [0, 0, 0],
							"color": 0,
							"children": [41, 42, 43, 44, 45, 46, 47, 48]
						},
						{
							"name": "Row4",
							"origin": [0, 0, 0],
							"color": 0,
							"children": [49, 50, 51, 52]
						}
					]
				},
				{
					"name": "Pad",
					"origin": [0, 0, 0],
					"color": 0,
					"children": [53, 54, 55,
						{
							"name": "Up",
							"origin": [0, 0, 0],
							"color": 0,
							"children": [56, 57, 58, 59, 60, 61, 62, 63, 64]
						},
						{
							"name": "Down",
							"origin": [0, 0, 0],
							"color": 0,
							"children": [65, 66, 67, 68, 69, 70, 71, 72, 73]
						}
					]
				}, 74]
		},
		{
			"name": "Antenna",
			"origin": [8, 8, 8],
			"color": 0,
			"children": [75, 76]
		},
		{
			"name": "Charm Holder",
			"origin": [8, 8, 8],
			"color": 0,
			"children": [77]
		}, 78, 79]
}